{
   "_parameters": {
      "len_command": 8, 
      "safe_wait_time": 5, 
      "server_address": "192.168.10.27", 
      "server_port": 30003, 
      "tool_angle_axis": [
         1.5501488981328748e-13, 
         54.888135583215885, 
         312.44322152365402, 
         -2.2214414690791831, 
         2.2214414690791831, 
         0.0
      ], 
      "ur_ip": "192.168.10.13", 
      "use_cooling": false
   }, 
   "commands": {
      "0": {
         "extruder_toggle": false, 
         "point": [
            128.65961920175903, 
            -673.39023277792705, 
            -42.960685465099914
         ], 
         "radius": 0.0, 
         "speed": 13, 
         "tcp_rcs": [
            0.0, 
            -0.0, 
            -1.4835298641951802
         ], 
         "wait_time": 20.0
      }, 
      "1": {
         "extruder_toggle": false, 
         "point": [
            290.72910105212156, 
            -511.34983897333484, 
            -42.739739821808371
         ], 
         "radius": 0.0, 
         "speed": 13, 
         "tcp_rcs": [
            0.0, 
            -0.0, 
            -1.4835298641951802
         ], 
         "wait_time": 20.0
      }, 
      "2": {
         "extruder_toggle": false, 
         "point": [
            128.65961920175903, 
            -352.63694934056434, 
            -68.235588963325199
         ], 
         "radius": 0.0, 
         "speed": 13, 
         "tcp_rcs": [
            0.0, 
            -0.0, 
            -1.4835298641951802
         ], 
         "wait_time": 20.0
      }, 
      "3": {
         "extruder_toggle": false, 
         "point": [
            -30.024182385240994, 
            -511.34983897333478, 
            -68.456534606616799
         ], 
         "radius": 0.0, 
         "speed": 13, 
         "tcp_rcs": [
            0.0, 
            -0.0, 
            -1.4835298641951802
         ], 
         "wait_time": 20.0
      }
   }
}