{
   "_parameters": {
      "len_command": 8, 
      "safe_wait_time": 5, 
      "server_address": "192.168.10.27", 
      "server_port": 30003, 
      "tool_angle_axis": [
         1.5501488981328748e-13, 
         54.888135583215885, 
         312.44322152365402, 
         -2.2214414690791831, 
         2.2214414690791831, 
         0.0
      ], 
      "ur_ip": "192.168.10.13", 
      "use_cooling": true
   }, 
   "commands": {
      "0": {
         "extruder_toggle": true, 
         "point": [
            203.07697978059656, 
            -595.74393408450078, 
            -550.5168046828901
         ], 
         "radius": 0, 
         "speed": 13, 
         "tcp_rcs": [
            0.0, 
            -0.0, 
            -1.4835298641951802
         ], 
         "wait_time": 5.0
      }, 
      "1": {
         "extruder_toggle": 0.0, 
         "point": [
            223.45165170580401, 
            -661.67720306513411, 
            -709.72175094182603
         ], 
         "radius": 0.0, 
         "speed": 13, 
         "tcp_rcs": [
            0.0, 
            -0.0, 
            -1.5707963267948966
         ], 
         "wait_time": 0.0
      }, 
      "2": {
         "extruder_toggle": 1.0, 
         "point": [
            223.45165170580401, 
            -661.67720306513411, 
            -719.72175094182603
         ], 
         "radius": 0.0, 
         "speed": 13, 
         "tcp_rcs": [
            0.0, 
            -0.0, 
            -1.5707963267948966
         ], 
         "wait_time": 0.40000000000000002
      }, 
      "3": {
         "extruder_toggle": 1.0, 
         "point": [
            76.840651705804021, 
            -661.67720306513411, 
            -719.72175094182603
         ], 
         "radius": 0.0, 
         "speed": 13, 
         "tcp_rcs": [
            0.0, 
            -0.0, 
            -1.5707963267948966
         ], 
         "wait_time": 0.0
      }, 
      "4": {
         "extruder_toggle": 1.0, 
         "point": [
            76.840651705804021, 
            -458.67720306513411, 
            -719.72175094182603
         ], 
         "radius": 0.0, 
         "speed": 13, 
         "tcp_rcs": [
            0.0, 
            -0.0, 
            -1.5707963267948966
         ], 
         "wait_time": 0.0
      }, 
      "5": {
         "extruder_toggle": 1.0, 
         "point": [
            279.84065170580402, 
            -458.67720306513411, 
            -719.72175094182603
         ], 
         "radius": 0.0, 
         "speed": 13, 
         "tcp_rcs": [
            0.0, 
            -0.0, 
            -1.5707963267948966
         ], 
         "wait_time": 0.0
      }, 
      "6": {
         "extruder_toggle": 1.0, 
         "point": [
            279.84065170580402, 
            -661.67720306513411, 
            -719.72175094182603
         ], 
         "radius": 0.0, 
         "speed": 13, 
         "tcp_rcs": [
            0.0, 
            -0.0, 
            -1.5707963267948966
         ], 
         "wait_time": 0.0
      }, 
      "7": {
         "extruder_toggle": 0.0, 
         "point": [
            223.45165170580401, 
            -661.67720306513411, 
            -719.72175094182603
         ], 
         "radius": 0.0, 
         "speed": 13, 
         "tcp_rcs": [
            0.0, 
            -0.0, 
            -1.5707963267948966
         ], 
         "wait_time": 0.20000000000000001
      }, 
      "8": {
         "extruder_toggle": 0.0, 
         "point": [
            223.45165170580401, 
            -661.67720306513411, 
            -709.72175094182603
         ], 
         "radius": 0.0, 
         "speed": 13, 
         "tcp_rcs": [
            0.0, 
            -0.0, 
            -1.5707963267948966
         ], 
         "wait_time": 0.0
      }, 
      "9": {
         "extruder_toggle": 0.0, 
         "point": [
            79.840651705804021, 
            -656.55620306513413, 
            -709.72175094182603
         ], 
         "radius": 0.0, 
         "speed": 13, 
         "tcp_rcs": [
            0.0, 
            -0.0, 
            -1.5707963267948966
         ], 
         "wait_time": 0.0
      }, 
      "10": {
         "extruder_toggle": 1.0, 
         "point": [
            79.840651705804021, 
            -656.55620306513413, 
            -719.72175094182603
         ], 
         "radius": 0.0, 
         "speed": 13, 
         "tcp_rcs": [
            0.0, 
            -0.0, 
            -1.5707963267948966
         ], 
         "wait_time": 0.40000000000000002
      }, 
      "11": {
         "extruder_toggle": 1.0, 
         "point": [
            79.840651705804021, 
            -463.79820306513409, 
            -719.72175094182603
         ], 
         "radius": 0.0, 
         "speed": 13, 
         "tcp_rcs": [
            0.0, 
            -0.0, 
            -1.5707963267948966
         ], 
         "wait_time": 0.20000000000000001
      }, 
      "12": {
         "extruder_toggle": 1.0, 
         "point": [
            176.21965170580404, 
            -560.17720306513411, 
            -719.72175094182603
         ], 
         "radius": 0.0, 
         "speed": 13, 
         "tcp_rcs": [
            0.0, 
            -0.0, 
            -1.5707963267948966
         ], 
         "wait_time": 0.0
      }, 
      "13": {
         "extruder_toggle": 0.0, 
         "point": [
            79.840651705804021, 
            -656.55620306513413, 
            -719.72175094182603
         ], 
         "radius": 0.0, 
         "speed": 13, 
         "tcp_rcs": [
            0.0, 
            -0.0, 
            -1.5707963267948966
         ], 
         "wait_time": 0.20000000000000001
      }, 
      "14": {
         "extruder_toggle": 0.0, 
         "point": [
            79.840651705804021, 
            -656.55620306513413, 
            -709.72175094182603
         ], 
         "radius": 0.0, 
         "speed": 13, 
         "tcp_rcs": [
            0.0, 
            -0.0, 
            -1.5707963267948966
         ], 
         "wait_time": 0.0
      }, 
      "15": {
         "extruder_toggle": 0.0, 
         "point": [
            206.68765170580403, 
            -658.67720306513411, 
            -709.72175094182603
         ], 
         "radius": 0.0, 
         "speed": 13, 
         "tcp_rcs": [
            0.0, 
            -0.0, 
            -1.5707963267948966
         ], 
         "wait_time": 0.0
      }, 
      "16": {
         "extruder_toggle": 1.0, 
         "point": [
            206.68765170580403, 
            -658.67720306513411, 
            -719.72175094182603
         ], 
         "radius": 0.0, 
         "speed": 13, 
         "tcp_rcs": [
            0.0, 
            -0.0, 
            -1.5707963267948966
         ], 
         "wait_time": 0.40000000000000002
      }, 
      "17": {
         "extruder_toggle": 1.0, 
         "point": [
            81.961651705804016, 
            -658.67720306513411, 
            -719.72175094182603
         ], 
         "radius": 0.0, 
         "speed": 13, 
         "tcp_rcs": [
            0.0, 
            -0.0, 
            -1.5707963267948966
         ], 
         "wait_time": 0.20000000000000001
      }, 
      "18": {
         "extruder_toggle": 1.0, 
         "point": [
            178.34065170580402, 
            -562.29820306513409, 
            -719.72175094182603
         ], 
         "radius": 0.0, 
         "speed": 13, 
         "tcp_rcs": [
            0.0, 
            -0.0, 
            -1.5707963267948966
         ], 
         "wait_time": 0.0
      }, 
      "19": {
         "extruder_toggle": 1.0, 
         "point": [
            274.71965170580404, 
            -658.67720306513411, 
            -719.72175094182603
         ], 
         "radius": 0.0, 
         "speed": 13, 
         "tcp_rcs": [
            0.0, 
            -0.0, 
            -1.5707963267948966
         ], 
         "wait_time": 0.20000000000000001
      }, 
      "20": {
         "extruder_toggle": 0.0,