{
   "_parameters": {
      "len_command": 8, 
      "safe_wait_time": 5, 
      "server_address": "192.168.10.27", 
      "server_port": 30003, 
      "tool_angle_axis": [
         1.5501488981328748e-13, 
         54.888135583215885, 
         312.44322152365402, 
         -2.2214414690791831, 
         2.2214414690791831, 
         0.0
      ], 
      "ur_ip": "192.168.10.13", 
      "use_cooling": true
   }, 
   "commands": {
      "0": {
         "extruder_toggle": true, 
         "point": [
            203.07697978059656, 
            -595.74393408450078, 
            -550.5168046828901
         ], 
         "radius": 0, 
         "speed": 13, 
         "tcp_rcs": [
            0.0, 
            -0.0, 
            -1.4835298641951802
         ], 
         "wait_time": 5.0
      }, 
      "1": {
         "extruder_toggle": 0.0, 
         "point": [
            223.67365170580402, 
            -662.17720306513399, 
            -710.72175094182603
         ], 
         "radius": 0.0, 
         "speed": 13, 
         "tcp_rcs": [
            0.0, 
            -0.0, 
            -1.4835298641951802
         ], 
         "wait_time": 0.0
      }, 
      "2": {
         "extruder_toggle": 1.0, 
         "point": [
            223.67365170580402, 
            -662.17720306513399, 
            -720.72175094182603
         ], 
         "radius": 0.0, 
         "speed": 13, 
         "tcp_rcs": [
            0.0, 
            -0.0, 
            -1.4835298641951802
         ], 
         "wait_time": 0.40000000000000002
      }, 
      "3": {
         "extruder_toggle": 1.0, 
         "point": [
            76.340651705804035, 
            -662.17720306513411, 
            -720.72175094182603
         ], 
         "radius": 0.0, 
         "speed": 13, 
         "tcp_rcs": [
            0.0, 
            -0.0, 
            -1.4835298641951802
         ], 
         "wait_time": 0.0
      }, 
      "4": {
         "extruder_toggle": 1.0, 
         "point": [
            76.340651705804021, 
            -458.17720306513411, 
            -720.72175094182603
         ], 
         "radius": 0.0, 
         "speed": 13, 
         "tcp_rcs": [
            0.0, 
            -0.0, 
            -1.4835298641951802
         ], 
         "wait_time": 0.0
      }, 
      "5": {
         "extruder_toggle": 1.0, 
         "point": [
            280.34065170580402, 
            -458.17720306513411, 
            -720.72175094182603
         ], 
         "radius": 0.0, 
         "speed": 13, 
         "tcp_rcs": [
            0.0, 
            -0.0, 
            -1.4835298641951802
         ], 
         "wait_time": 0.0
      }, 
      "6": {
         "extruder_toggle": 1.0, 
         "point": [
            280.34065170580402, 
            -662.17720306513411, 
            -720.72175094182603
         ], 
         "radius": 0.0, 
         "speed": 13, 
         "tcp_rcs": [
            0.0, 
            -0.0, 
            -1.4835298641951802
         ], 
         "wait_time": 0.0
      }, 
      "7": {
         "extruder_toggle": 0.0, 
         "point": [
            223.67365170580402, 
            -662.17720306513399, 
            -720.72175094182603
         ], 
         "radius": 0.0, 
         "speed": 13, 
         "tcp_rcs": [
            0.0, 
            -0.0, 
            -1.4835298641951802
         ], 
         "wait_time": 0.20000000000000001
      }, 
      "8": {
         "extruder_toggle": 0.0, 
         "point": [
            223.67365170580402, 
            -662.17720306513399, 
            -710.72175094182603
         ], 
         "radius": 0.0, 
         "speed": 13, 
         "tcp_rcs": [
            0.0, 
            -0.0, 
            -1.4835298641951802
         ], 
         "wait_time": 0.0
      }, 
      "9": {
         "extruder_toggle": 0.0, 
         "point": [
            224.56265170580403, 
            -664.17720306513411, 
            -710.72175094182603
         ], 
         "radius": 0.0, 
         "speed": 13, 
         "tcp_rcs": [
            0.0, 
            -0.0, 
            -1.4835298641951802
         ], 
         "wait_time": 0.0
      }, 
      "10": {
         "extruder_toggle": 1.0, 
         "point": [
            224.56265170580403, 
            -664.17720306513411, 
            -720.72175094182603
         ], 
         "radius": 0.0, 
         "speed": 13, 
         "tcp_rcs": [
            0.0, 
            -0.0, 
            -1.4835298641951802
         ], 
         "wait_time": 0.40000000000000002
      }, 
      "11": {
         "extruder_toggle": 1.0, 
         "point": [
            74.340651705804035, 
            -664.17720306513411, 
            -720.72175094182603
         ], 
         "radius": 0.0, 
         "speed": 13, 
         "tcp_rcs": [
            0.0, 
            -0.0, 
            -1.4835298641951802
         ], 
         "wait_time": 0.0
      }, 
      "12": {
         "extruder_toggle": 1.0, 
         "point": [
            74.340651705804021, 
            -456.17720306513405, 
            -720.72175094182603
         ], 
         "radius": 0.0, 
         "speed": 13, 
         "tcp_rcs": [
            0.0, 
            -0.0, 
            -1.4835298641951802
         ], 
         "wait_time": 0.0
      }, 
      "13": {
         "extruder_toggle": 1.0, 
         "point": [
            282.34065170580402, 
            -456.17720306513411, 
            -720.72175094182603
         ], 
         "radius": 0.0, 
         "speed": 13, 
         "tcp_rcs": [
            0.0, 
            -0.0, 
            -1.4835298641951802
         ], 
         "wait_time": 0.0
      }, 
      "14": {
         "extruder_toggle": 1.0, 
         "point": [
            282.34065170580402, 
            -664.17720306513411, 
            -720.72175094182603
         ], 
         "radius": 0.0, 
         "speed": 13, 
         "tcp_rcs": [
            0.0, 
            -0.0, 
            -1.4835298641951802
         ], 
         "wait_time": 0.0
      }, 
      "15": {
         "extruder_toggle": 0.0, 
         "point": [
            224.56265170580403, 
            -664.17720306513411, 
            -720.72175094182603
         ], 
         "radius": 0.0, 
         "speed": 13, 
         "tcp_rcs": [
            0.0, 
            -0.0, 
            -1.4835298641951802
         ], 
         "wait_time": 0.20000000000000001
      }, 
      "16": {
         "extruder_toggle": 0.0, 
         "point": [
            224.56265170580403, 
            -664.17720306513411, 
            -710.72175094182603
         ], 
         "radius": 0.0, 
         "speed": 13, 
         "tcp_rcs": [
            0.0, 
            -0.0, 
            -1.4835298641951802
         ], 
         "wait_time": 0.0
      }, 
      "17": {
         "extruder_toggle": false, 
         "point": [
            203.07697978059656, 
            -595.74393408450078, 
            -550.5168046828901
         ], 
         "radius": 0, 
         "speed": 13, 
         "tcp_rcs": [
            0.0, 
            -0.0, 
            -1.4835298641951802
         ], 
         "wait_time": 0.0
      }
   }
}