{
   "_parameters": {
      "len_command": 8, 
      "safe_wait_time": 5, 
      "server_address": "192.168.10.27", 
      "server_port": 30003, 
      "tool_angle_axis": [
         1.5501488981328748e-13, 
         54.888135583215885, 
         312.44322152365402, 
         -2.2214414690791831, 
         2.2214414690791831, 
         0.0
      ], 
      "ur_ip": "192.168.10.13", 
      "use_cooling": true
   }, 
   "commands": {
      "0": {
         "extruder_toggle": true, 
         "point": [
            203.07697978059656, 
            -595.74393408450078, 
            -550.5168046828901
         ], 
         "radius": 0, 
         "speed": 13, 
         "tcp_rcs": [
            0.0, 
            -0.0, 
            -1.4835298641951802
         ], 
         "wait_time": 5.0
      }, 
      "1": {
         "extruder_toggle": 0.0, 
         "point": [
            223.45165170580401, 
            -661.67720306513411, 
            -710.22175094182603
         ], 
         "radius": 0.0, 
         "speed": 13, 
         "tcp_rcs": [
            0.0, 
            -0.0, 
            -1.5707963267948966
         ], 
         "wait_time": 0.0
      }, 
      "2": {
         "extruder_toggle": 1.0, 
         "point": [
            223.45165170580401, 
            -661.67720306513411, 
            -720.22175094182603
         ], 
         "radius": 0.0, 
         "speed": 13, 
         "tcp_rcs": [
            0.0, 
            -0.0, 
            -1.5707963267948966
         ], 
         "wait_time": 0.40000000000000002
      }, 
      "3": {
         "extruder_toggle": 1.0, 
         "point": [
            76.840651705804021, 
            -661.67720306513411, 
            -720.22175094182603
         ], 
         "radius": 0.0, 
         "speed": 13, 
         "tcp_rcs": [
            0.0, 
            -0.0, 
            -1.5707963267948966
         ], 
         "wait_time": 0.0
      }, 
      "4": {
         "extruder_toggle": 1.0, 
         "point": [
            76.840651705804021, 
            -458.67720306513411, 
            -720.22175094182603
         ], 
         "radius": 0.0, 
         "speed": 13, 
         "tcp_rcs": [
            0.0, 
            -0.0, 
            -1.5707963267948966
         ], 
         "wait_time": 0.0
      }, 
      "5": {
         "extruder_toggle": 1.0, 
         "point": [
            279.84065170580402, 
            -458.67720306513411, 
            -720.22175094182603
         ], 
         "radius": 0.0, 
         "speed": 13, 
         "tcp_rcs": [
            0.0, 
            -0.0, 
            -1.5707963267948966
         ], 
         "wait_time": 0.0
      }, 
      "6": {
         "extruder_toggle": 1.0, 
         "point": [
            279.84065170580402, 
            -661.67720306513411, 
            -720.22175094182603
         ], 
         "radius": 0.0, 
         "speed": 13, 
         "tcp_rcs": [
            0.0, 
            -0.0, 
            -1.5707963267948966
         ], 
         "wait_time": 0.0
      }, 
      "7": {
         "extruder_toggle": 0.0, 
         "point": [
            223.45165170580401, 
            -661.67720306513411, 
            -720.22175094182603
         ], 
         "radius": 0.0, 
         "speed": 13, 
         "tcp_rcs": [
            0.0, 
            -0.0, 
            -1.5707963267948966
         ], 
         "wait_time": 0.20000000000000001
      }, 
      "8": {
         "extruder_toggle": 0.0, 
         "point": [
            223.45165170580401, 
            -661.67720306513411, 
            -710.22175094182603
         ], 
         "radius": 0.0, 
         "speed": 13, 
         "tcp_rcs": [
            0.0, 
            -0.0, 
            -1.5707963267948966
         ], 
         "wait_time": 0.0
      }, 
      "9": {
         "extruder_toggle": 0.0, 
         "point": [
            276.68865170580403, 
            -571.23820306513414, 
            -710.22175094182603
         ], 
         "radius": 0.0, 
         "speed": 13, 
         "tcp_rcs": [
            0.0, 
            -0.0, 
            -1.5707963267948966
         ], 
         "wait_time": 0.0
      }, 
      "10": {
         "extruder_toggle": 1.0, 
         "point": [
            276.68865170580403, 
            -571.23820306513414, 
            -720.22175094182603
         ], 
         "radius": 0.0, 
         "speed": 13, 
         "tcp_rcs": [
            0.0, 
            -0.0, 
            -1.5707963267948966
         ], 
         "wait_time": 0.40000000000000002
      }, 
      "11": {
         "extruder_toggle": 1.0, 
         "point": [
            255.78465170580401, 
            -568.6822030651341, 
            -720.22175094182603
         ], 
         "radius": 0.0, 
         "speed": 13, 
         "tcp_rcs": [
            0.0, 
            -0.0, 
            -1.5707963267948966
         ], 
         "wait_time": 0.0
      }, 
      "12": {
         "extruder_toggle": 1.0, 
         "point": [
            234.60265170580402, 
            -561.79520306513405, 
            -720.22175094182603
         ], 
         "radius": 0.0, 
         "speed": 13, 
         "tcp_rcs": [
            0.0, 
            -0.0, 
            -1.5707963267948966
         ], 
         "wait_time": 0.0
      }, 
      "13": {
         "extruder_toggle": 1.0, 
         "point": [
            214.48665170580401, 
            -550.37620306513406, 
            -720.22175094182603
         ], 
         "radius": 0.0, 
         "speed": 13, 
         "tcp_rcs": [
            0.0, 
            -0.0, 
            -1.5707963267948966
         ], 
         "wait_time": 0.0
      }, 
      "14": {
         "extruder_toggle": 1.0, 
         "point": [
            205.27765170580403, 
            -543.05820306513408, 
            -720.22175094182603
         ], 
         "radius": 0.0, 
         "speed": 13, 
         "tcp_rcs": [
            0.0, 
            -0.0, 
            -1.5707963267948966
         ], 
         "wait_time": 0.0
      }, 
      "15": {
         "extruder_toggle": 1.0, 
         "point": [
            196.85665170580404, 
            -534.79220306513412, 
            -720.22175094182603
         ], 
         "radius": 0.0, 
         "speed": 13, 
         "tcp_rcs": [
            0.0, 
            -0.0, 
            -1.5707963267948966
         ], 
         "wait_time": 0.0
      }, 
      "16": {
         "extruder_toggle": 1.0, 
         "point": [
            189.36265170580401, 
            -525.7112030651341, 
            -720.22175094182603
         ], 
         "radius": 0.0, 
         "speed": 13, 
         "tcp_rcs": [
            0.0, 
            -0.0, 
            -1.5707963267948966
         ], 
         "wait_time": 0.0
      }, 
      "17": {
         "extruder_toggle": 1.0, 
         "point": [
            182.90365170580401, 
            -515.97520306513411, 
            -720.22175094182603
         ], 
         "radius": 0.0, 
         "speed": 13, 
         "tcp_rcs": [
            0.0, 
            -0.0, 
            -1.5707963267948966
         ], 
         "wait_time": 0.0
      }, 
      "18": {
         "extruder_toggle": 1.0, 
         "point": [
            177.485651705804, 
            -505.61720306513411, 
            -720.22175094182603
         ], 
         "radius": 0.0, 
         "speed": 13, 
         "tcp_rcs": [
            0.0, 
            -0.0, 
            -1.5707963267948966
         ], 
         "wait_time": 0.0
      }, 
      "19": {
         "extruder_toggle": 1.0, 
         "point": [
            170.10165170580402, 
            -483.91720306513412, 
            -720.22175094182603
         ], 
         "radius": 0.0, 
         "speed": 13, 
         "tcp_rcs": [
            0.0, 
            -0.0, 
            -1.5707963267948966
         ], 
         "wait_time": 0.0
      }, 
      "20": {
         "extruder_toggle": 1.0,