{
   "_parameters": {
      "len_command": 8, 
      "safe_wait_time": 5, 
      "server_address": "192.168.10.27", 
      "server_port": 30003, 
      "tool_angle_axis": [
         1.5501488981328748e-13, 
         54.888135583215885, 
         312.44322152365402, 
         -2.2214414690791831, 
         2.2214414690791831, 
         0.0
      ], 
      "ur_ip": "192.168.10.13", 
      "use_cooling": true
   }, 
   "commands": {
      "0": {
         "extruder_toggle": true, 
         "point": [
            203.07697978059656, 
            -595.74393408450078, 
            -550.5168046828901
         ], 
         "radius": 0, 
         "speed": 13, 
         "tcp_rcs": [
            0.0, 
            -0.0, 
            -1.4835298641951802
         ], 
         "wait_time": 5.0
      }, 
      "1": {
         "extruder_toggle": 0.0, 
         "point": [
            212.407651705804, 
            -662.37720306513427, 
            -710.72175094182603
         ], 
         "radius": 0.0, 
         "speed": 13, 
         "tcp_rcs": [
            0.0, 
            -0.0, 
            -1.4835298641951802
         ], 
         "wait_time": 0.0
      }, 
      "2": {
         "extruder_toggle": 1.0, 
         "point": [
            212.407651705804, 
            -662.37720306513427, 
            -720.72175094182603
         ], 
         "radius": 0.0, 
         "speed": 13, 
         "tcp_rcs": [
            0.0, 
            -0.0, 
            -1.4835298641951802
         ], 
         "wait_time": 0.40000000000000002
      }, 
      "3": {
         "extruder_toggle": 1.0, 
         "point": [
            76.140651705804018, 
            -662.37720306513427, 
            -720.72175094182603
         ], 
         "radius": 0.0, 
         "speed": 13, 
         "tcp_rcs": [
            0.0, 
            -0.0, 
            -1.4835298641951802
         ], 
         "wait_time": 0.0
      }, 
      "4": {
         "extruder_toggle": 1.0, 
         "point": [
            76.140651705804004, 
            -457.97720306513412, 
            -720.72175094182603
         ], 
         "radius": 0.0, 
         "speed": 13, 
         "tcp_rcs": [
            0.0, 
            -0.0, 
            -1.4835298641951802
         ], 
         "wait_time": 0.0
      }, 
      "5": {
         "extruder_toggle": 1.0, 
         "point": [
            280.54065170580401, 
            -457.97720306513412, 
            -720.72175094182603
         ], 
         "radius": 0.0, 
         "speed": 13, 
         "tcp_rcs": [
            0.0, 
            -0.0, 
            -1.4835298641951802
         ], 
         "wait_time": 0.0
      }, 
      "6": {
         "extruder_toggle": 1.0, 
         "point": [
            280.54065170580401, 
            -662.37720306513415, 
            -720.72175094182603
         ], 
         "radius": 0.0, 
         "speed": 13, 
         "tcp_rcs": [
            0.0, 
            -0.0, 
            -1.4835298641951802
         ], 
         "wait_time": 0.0
      }, 
      "7": {
         "extruder_toggle": 0.0, 
         "point": [
            212.407651705804, 
            -662.37720306513427, 
            -720.72175094182603
         ], 
         "radius": 0.0, 
         "speed": 13, 
         "tcp_rcs": [
            0.0, 
            -0.0, 
            -1.4835298641951802
         ], 
         "wait_time": 0.20000000000000001
      }, 
      "8": {
         "extruder_toggle": 0.0, 
         "point": [
            212.407651705804, 
            -662.37720306513427, 
            -710.72175094182603
         ], 
         "radius": 0.0, 
         "speed": 13, 
         "tcp_rcs": [
            0.0, 
            -0.0, 
            -1.4835298641951802
         ], 
         "wait_time": 0.0
      }, 
      "9": {
         "extruder_toggle": 0.0, 
         "point": [
            213.14065170580403, 
            -664.57720306513409, 
            -710.72175094182603
         ], 
         "radius": 0.0, 
         "speed": 13, 
         "tcp_rcs": [
            0.0, 
            -0.0, 
            -1.4835298641951802
         ], 
         "wait_time": 0.0
      }, 
      "10": {
         "extruder_toggle": 1.0, 
         "point": [
            213.14065170580403, 
            -664.57720306513409, 
            -720.72175094182603
         ], 
         "radius": 0.0, 
         "speed": 13, 
         "tcp_rcs": [
            0.0, 
            -0.0, 
            -1.4835298641951802
         ], 
         "wait_time": 0.40000000000000002
      }, 
      "11": {
         "extruder_toggle": 1.0, 
         "point": [
            73.940651705804015, 
            -664.57720306513409, 
            -720.72175094182603
         ], 
         "radius": 0.0, 
         "speed": 13, 
         "tcp_rcs": [
            0.0, 
            -0.0, 
            -1.4835298641951802
         ], 
         "wait_time": 0.0
      }, 
      "12": {
         "extruder_toggle": 1.0, 
         "point": [
            73.940651705804015, 
            -455.77720306513413, 
            -720.72175094182603
         ], 
         "radius": 0.0, 
         "speed": 13, 
         "tcp_rcs": [
            0.0, 
            -0.0, 
            -1.4835298641951802
         ], 
         "wait_time": 0.0
      }, 
      "13": {
         "extruder_toggle": 1.0, 
         "point": [
            282.74065170580405, 
            -455.77720306513413, 
            -720.72175094182603
         ], 
         "radius": 0.0, 
         "speed": 13, 
         "tcp_rcs": [
            0.0, 
            -0.0, 
            -1.4835298641951802
         ], 
         "wait_time": 0.0
      }, 
      "14": {
         "extruder_toggle": 1.0, 
         "point": [
            282.74065170580405, 
            -664.57720306513409, 
            -720.72175094182603
         ], 
         "radius": 0.0, 
         "speed": 13, 
         "tcp_rcs": [
            0.0, 
            -0.0, 
            -1.4835298641951802
         ], 
         "wait_time": 0.0
      }, 
      "15": {
         "extruder_toggle": 0.0, 
         "point": [
            213.14065170580403, 
            -664.57720306513409, 
            -720.72175094182603
         ], 
         "radius": 0.0, 
         "speed": 13, 
         "tcp_rcs": [
            0.0, 
            -0.0, 
            -1.4835298641951802
         ], 
         "wait_time": 0.20000000000000001
      }, 
      "16": {
         "extruder_toggle": 0.0, 
         "point": [
            213.14065170580403, 
            -664.57720306513409, 
            -710.72175094182603
         ], 
         "radius": 0.0, 
         "speed": 13, 
         "tcp_rcs": [
            0.0, 
            -0.0, 
            -1.4835298641951802
         ], 
         "wait_time": 0.0
      }, 
      "17": {
         "extruder_toggle": 0.0, 
         "point": [
            224.88748714884207, 
            -664.57720306513409, 
            -708.72175094182603
         ], 
         "radius": 0.0, 
         "speed": 13, 
         "tcp_rcs": [
            0.0, 
            -0.0, 
            -1.4835298641951802
         ], 
         "wait_time": 0.0
      }, 
      "18": {
         "extruder_toggle": 1.0, 
         "point": [
            224.88748714884207, 
            -664.57720306513409, 
            -718.72175094182603
         ], 
         "radius": 0.0, 
         "speed": 13, 
         "tcp_rcs": [
            0.0, 
            -0.0, 
            -1.4835298641951802
         ], 
         "wait_time": 0.40000000000000002
      }, 
      "19": {
         "extruder_toggle": 1.0, 
         "point": [
            73.940651705804015, 
            -664.57720306513409, 
            -718.72175094182603
         ], 
         "radius": 0.0, 
         "speed": 13, 
         "tcp_rcs": [
            0.0, 
            -0.0, 
            -1.4835298641951802
         ], 
         "wait_time": 0.0
      }, 
      "20": {
         "extruder_toggle": 1.0,