{
   "_parameters": {
      "len_command": 8, 
      "safe_wait_time": 5, 
      "server_address": "192.168.10.27", 
      "server_port": 30003, 
      "tool_angle_axis": [
         1.5501488981328748e-13, 
         54.888135583215885, 
         312.44322152365402, 
         -2.2214414690791831, 
         2.2214414690791831, 
         0.0
      ], 
      "ur_ip": "192.168.10.13", 
      "use_cooling": true
   }, 
   "commands": {
      "0": {
         "extruder_toggle": true, 
         "point": [
            203.07697978059656, 
            -595.74393408450078, 
            -550.5168046828901
         ], 
         "radius": 0, 
         "speed": 25, 
         "tcp_rcs": [
            0.0, 
            -0.0, 
            -1.4835298641951802
         ], 
         "wait_time": 5.0
      }, 
      "1": {
         "extruder_toggle": true, 
         "point": [
            500.19427835482742, 
            -810.17720306513411, 
            -716.97175094182603
         ], 
         "radius": 0.0, 
         "speed": 25, 
         "tcp_rcs": [
            0.0, 
            -0.0, 
            -1.4835298641951802
         ], 
         "wait_time": 0.29999999999999999
      }, 
      "2": {
         "extruder_toggle": true, 
         "point": [
            608.24065170580411, 
            -810.17720306513411, 
            -716.97175094182603
         ], 
         "radius": 0.0, 
         "speed": 25, 
         "tcp_rcs": [
            0.0, 
            -0.0, 
            -1.4835298641951802
         ], 
         "wait_time": 0.29999999999999999
      }, 
      "3": {
         "extruder_toggle": true, 
         "point": [
            608.24065170580411, 
            -310.17720306513411, 
            -716.97175094182603
         ], 
         "radius": 0.0, 
         "speed": 25, 
         "tcp_rcs": [
            0.0, 
            -0.0, 
            -1.4835298641951802
         ], 
         "wait_time": 0.29999999999999999
      }, 
      "4": {
         "extruder_toggle": true, 
         "point": [
            -251.55934829419601, 
            -310.17720306513411, 
            -716.97175094182603
         ], 
         "radius": 0.0, 
         "speed": 25, 
         "tcp_rcs": [
            0.0, 
            -0.0, 
            -1.4835298641951802
         ], 
         "wait_time": 0.29999999999999999
      }, 
      "5": {
         "extruder_toggle": true, 
         "point": [
            -251.55934829419598, 
            -810.17720306513422, 
            -716.97175094182603
         ], 
         "radius": 0.0, 
         "speed": 25, 
         "tcp_rcs": [
            0.0, 
            -0.0, 
            -1.4835298641951802
         ], 
         "wait_time": 0.29999999999999999
      }, 
      "6": {
         "extruder_toggle": false, 
         "point": [
            -143.09428147219774, 
            -810.17720306513411, 
            -716.97175094182603
         ], 
         "radius": 0.0, 
         "speed": 25, 
         "tcp_rcs": [
            0.0, 
            -0.0, 
            -1.4835298641951802
         ], 
         "wait_time": 0.29999999999999999
      }, 
      "7": {
         "extruder_toggle": false, 
         "point": [
            203.07697978059656, 
            -595.74393408450078, 
            -550.5168046828901
         ], 
         "radius": 0, 
         "speed": 25, 
         "tcp_rcs": [
            0.0, 
            -0.0, 
            -1.4835298641951802
         ], 
         "wait_time": 0.0
      }
   }
}