{
   "_parameters": {
      "len_command": 8, 
      "safe_wait_time": 5, 
      "server_address": "192.168.10.27", 
      "server_port": 30003, 
      "tool_angle_axis": [
         1.5501488981328748e-13, 
         54.888135583215885, 
         312.44322152365402, 
         -2.2214414690791831, 
         2.2214414690791831, 
         0.0
      ], 
      "ur_ip": "192.168.10.13", 
      "use_cooling": false
   }, 
   "commands": {
      "0": {
         "extruder_toggle": false, 
         "point": [
            203.07697978059656, 
            -595.74393408450078, 
            -550.5168046828901
         ], 
         "radius": 0, 
         "speed": 70, 
         "tcp_rcs": [
            0.0, 
            -0.0, 
            -1.4835298641951802
         ], 
         "wait_time": 5.0
      }, 
      "1": {
         "extruder_toggle": false, 
         "point": [
            249.76908634496209, 
            -618.44000632284633, 
            -226.73355846138827
         ], 
         "radius": 0.0, 
         "speed": 70, 
         "tcp_rcs": [
            0.0, 
            -0.0, 
            -1.5707963267948966
         ], 
         "wait_time": 20.0
      }, 
      "2": {
         "extruder_toggle": false, 
         "point": [
            358.08767772414018, 
            -505.83591558458596, 
            -259.28515784322008
         ], 
         "radius": 0.0, 
         "speed": 70, 
         "tcp_rcs": [
            0.0, 
            -0.0, 
            -1.5707963267948966
         ], 
         "wait_time": 20.0
      }, 
      "3": {
         "extruder_toggle": false, 
         "point": [
            249.76908634496206, 
            -396.93509378490097, 
            -254.86267873210249
         ], 
         "radius": 0.0, 
         "speed": 70, 
         "tcp_rcs": [
            0.0, 
            -0.0, 
            -1.5707963267948966
         ], 
         "wait_time": 20.0
      }, 
      "4": {
         "extruder_toggle": false, 
         "point": [
            136.58276518619482, 
            -505.83591558458585, 
            -222.31107935027057
         ], 
         "radius": 0.0, 
         "speed": 70, 
         "tcp_rcs": [
            0.0, 
            -0.0, 
            -1.5707963267948966
         ], 
         "wait_time": 20.0
      }, 
      "5": {
         "extruder_toggle": false, 
         "point": [
            203.07697978059656, 
            -595.74393408450078, 
            -550.5168046828901
         ], 
         "radius": 0, 
         "speed": 70, 
         "tcp_rcs": [
            0.0, 
            -0.0, 
            -1.4835298641951802
         ], 
         "wait_time": 0.0
      }
   }
}